{
  "universal": {
    "clientProject": "gracemedical",
    "directory": ".",
    "skipInstall": false,
    "http": true,
    "appId": "serverApp",
    "main": "main.server.ts",
    "serverFileName": "server.ts",
    "serverPort": 4000,
    "tsconfigFileName": "tsconfig.server",
    "testTsconfigFileName": "tsconfig.spec",
    "appDir": "app",
    "rootModuleFileName": "app.server.module.ts",
    "rootModuleClassName": "AppServerModule",
    "skipServer": false,
    "skipUniversal": false,
    "webpack": true
  },
  "serverless": {
    "project": "gracemedical",
    "provider": "aws",
    "skipInstall": false,
    "directory": ".",
    "lambdaTS": false,
    "offline": false,
    "clientProject": "gracemedical",
    "serverless": {
      "aws": {},
      "gcloud": {}
    }
  }
}